<?xml version="1.0"?>
<data grt_format="2.0" document_type="MySQL Workbench Model" version="1.4.4">
  <value type="object" struct-name="workbench.Document" id="{B3E2A2E6-9C46-4C0B-93FF-7DA5373AC261}" struct-checksum="0x7131bf99">
    <value type="object" struct-name="workbench.logical.Model" id="{BA73EFD4-BEC8-4232-8E35-21F1477CC58E}" struct-checksum="0xf4220370" key="logicalModel">
      <value _ptr_="00000297FE58E570" type="list" content-type="object" content-struct-name="workbench.logical.Diagram" key="diagrams"/>
      <value _ptr_="0000029784113AF0" type="dict" key="customData"/>
      <value _ptr_="00000297FE58F6F0" type="list" content-type="object" content-struct-name="model.Marker" key="markers"/>
      <value _ptr_="0000029784114F30" type="dict" key="options"/>
      <value type="string" key="name"></value>
      <link type="object" struct-name="GrtObject" key="owner">{B3E2A2E6-9C46-4C0B-93FF-7DA5373AC261}</link>
    </value>
    <value _ptr_="00000297FE58F610" type="list" content-type="object" content-struct-name="workbench.OverviewPanel" key="overviewPanels"/>
    <value _ptr_="00000297FE58FC30" type="list" content-type="object" content-struct-name="workbench.physical.Model" key="physicalModels">
      <value type="object" struct-name="workbench.physical.Model" id="{D9BDA62C-B81B-4089-A874-134C4AE33F74}" struct-checksum="0x5f896d18">
        <value type="object" struct-name="db.mysql.Catalog" id="{AB43CB73-AD25-42E8-9A60-EEC88FA21B33}" struct-checksum="0x82ad3466" key="catalog">
          <value _ptr_="00000297FE58E5E0" type="list" content-type="object" content-struct-name="db.mysql.LogFileGroup" key="logFileGroups"/>
          <value _ptr_="00000297FE58FA00" type="list" content-type="object" content-struct-name="db.mysql.Schema" key="schemata">
            <value type="object" struct-name="db.mysql.Schema" id="{E5306D99-9293-4A0A-9ED6-139AA3D3BAF8}" struct-checksum="0x20b94c22">
              <value _ptr_="00000297FE591670" type="list" content-type="object" content-struct-name="db.mysql.RoutineGroup" key="routineGroups"/>
              <value _ptr_="00000297FE590560" type="list" content-type="object" content-struct-name="db.mysql.Routine" key="routines"/>
              <value _ptr_="00000297FE5905D0" type="list" content-type="object" content-struct-name="db.mysql.Sequence" key="sequences"/>
              <value _ptr_="00000297FE5910C0" type="list" content-type="object" content-struct-name="db.mysql.StructuredDatatype" key="structuredTypes"/>
              <value _ptr_="00000297FE5903A0" type="list" content-type="object" content-struct-name="db.mysql.Synonym" key="synonyms"/>
              <value _ptr_="00000297FE5916E0" type="list" content-type="object" content-struct-name="db.mysql.Table" key="tables"/>
              <value _ptr_="00000297FE590A30" type="list" content-type="object" content-struct-name="db.mysql.View" key="views"/>
              <value type="string" key="defaultCharacterSetName">utf8</value>
              <value type="string" key="defaultCollationName">utf8_general_ci</value>
              <value _ptr_="00000297FE590020" type="list" content-type="object" content-struct-name="db.Event" key="events"/>
              <value type="int" key="commentedOut">0</value>
              <value type="string" key="createDate"></value>
              <value _ptr_="00000297840F7AD0" type="dict" key="customData"/>
              <value type="string" key="lastChangeDate"></value>
              <value type="int" key="modelOnly">0</value>
              <value type="string" key="name">mydb</value>
              <link type="object" struct-name="GrtNamedObject" key="owner">{AB43CB73-AD25-42E8-9A60-EEC88FA21B33}</link>
              <value type="string" key="temp_sql"></value>
              <value type="string" key="comment"></value>
              <value type="string" key="oldName"></value>
            </value>
            <value type="object" struct-name="db.mysql.Schema" id="{3999ED8F-656A-46AD-B848-6C7828B3A5FA}" struct-checksum="0x20b94c22">
              <value _ptr_="00000297FB56E0B0" type="list" content-type="object" content-struct-name="db.mysql.RoutineGroup" key="routineGroups"/>
              <value _ptr_="00000297FB56D400" type="list" content-type="object" content-struct-name="db.mysql.Routine" key="routines"/>
              <value _ptr_="00000297FB56DCC0" type="list" content-type="object" content-struct-name="db.mysql.Sequence" key="sequences"/>
              <value _ptr_="00000297FB56D6A0" type="list" content-type="object" content-struct-name="db.mysql.StructuredDatatype" key="structuredTypes"/>
              <value _ptr_="00000297FB56D080" type="list" content-type="object" content-struct-name="db.mysql.Synonym" key="synonyms"/>
              <value _ptr_="00000297FB56DB70" type="list" content-type="object" content-struct-name="db.mysql.Table" key="tables">
                <value type="object" struct-name="db.mysql.Table" id="{87B04901-FEA7-486E-AA19-C06A20037AEF}" struct-checksum="0x4564421a">
                  <value type="string" key="avgRowLength"></value>
                  <value type="int" key="checksum">0</value>
                  <value _ptr_="00000297FB56D2B0" type="list" content-type="object" content-struct-name="db.mysql.Column" key="columns">
                    <value type="object" struct-name="db.mysql.Column" id="{9915DEA7-F229-4F69-924F-4E76CCA2EACE}" struct-checksum="0xba88e21c">
                      <value type="int" key="autoIncrement">0</value>
                      <value type="string" key="expression"></value>
                      <value type="int" key="generated">0</value>
                      <value type="string" key="generatedStorage"></value>
                      <value type="string" key="characterSetName"></value>
                      <value _ptr_="00000297FB56D9B0" type="list" content-type="object" content-struct-name="db.CheckConstraint" key="checks"/>
                      <value type="string" key="collationName"></value>
                      <value type="string" key="datatypeExplicitParams"></value>
                      <value type="string" key="defaultValue"></value>
                      <value type="int" key="defaultValueIsNull">0</value>
                      <value _ptr_="00000297FB56E660" type="list" content-type="string" key="flags"/>
                      <value type="int" key="isNotNull">1</value>
                      <value type="int" key="length">-1</value>
                      <value type="int" key="precision">11</value>
                      <value type="int" key="scale">-1</value>
                      <link type="object" struct-name="db.SimpleDatatype" key="simpleType">com.mysql.rdbms.mysql.datatype.int</link>
                      <value type="string" key="comment"></value>
                      <value type="string" key="name">id</value>
                      <value type="string" key="oldName">id</value>
                      <link type="object" struct-name="GrtObject" key="owner">{87B04901-FEA7-486E-AA19-C06A20037AEF}</link>
                    </value>
                    <value type="object" struct-name="db.mysql.Column" id="{A83C3DC4-464D-40C7-8B92-5A4AEE03F82F}" struct-checksum="0xba88e21c">
                      <value type="int" key="autoIncrement">0</value>
                      <value type="string" key="expression"></value>
                      <value type="int" key="generated">0</value>
                      <value type="string" key="generatedStorage"></value>
                      <value type="string" key="characterSetName"></value>
                      <value _ptr_="00000297FB56DA20" type="list" content-type="object" content-struct-name="db.CheckConstraint" key="checks"/>
                      <value type="string" key="collationName"></value>
                      <value type="string" key="datatypeExplicitParams"></value>
                      <value type="string" key="defaultValue">NULL</value>
                      <value type="int" key="defaultValueIsNull">1</value>
                      <value _ptr_="00000297FB56DD30" type="list" content-type="string" key="flags"/>
                      <value type="int" key="isNotNull">0</value>
                      <value type="int" key="length">50</value>
                      <value type="int" key="precision">-1</value>
                      <value type="int" key="scale">-1</value>
                      <link type="object" struct-name="db.SimpleDatatype" key="simpleType">com.mysql.rdbms.mysql.datatype.varchar</link>
                      <value type="string" key="comment"></value>
                      <value type="string" key="name">name</value>
                      <value type="string" key="oldName">name</value>
                      <link type="object" struct-name="GrtObject" key="owner">{87B04901-FEA7-486E-AA19-C06A20037AEF}</link>
                    </value>
                    <value type="object" struct-name="db.mysql.Column" id="{5DD419DE-C17D-40C0-8EA1-D01247AD149E}" struct-checksum="0xba88e21c">
                      <value type="int" key="autoIncrement">0</value>
                      <value type="string" key="expression"></value>
                      <value type="int" key="generated">0</value>
                      <value type="string" key="generatedStorage"></value>
                      <value type="string" key="characterSetName"></value>
                      <value _ptr_="00000297FB56E200" type="list" content-type="object" content-struct-name="db.CheckConstraint" key="checks"/>
                      <value type="string" key="collationName"></value>
                      <value type="string" key="datatypeExplicitParams"></value>
                      <value type="string" key="defaultValue">NULL</value>
                      <value type="int" key="defaultValueIsNull">1</value>
                      <value _ptr_="00000297FB56CE50" type="list" content-type="string" key="flags"/>
                      <value type="int" key="isNotNull">0</value>
                      <value type="int" key="length">50</value>
                      <value type="int" key="precision">-1</value>
                      <value type="int" key="scale">-1</value>
                      <link type="object" struct-name="db.SimpleDatatype" key="simpleType">com.mysql.rdbms.mysql.datatype.varchar</link>
                      <value type="string" key="comment"></value>
                      <value type="string" key="name">region</value>
                      <value type="string" key="oldName">region</value>
                      <link type="object" struct-name="GrtObject" key="owner">{87B04901-FEA7-486E-AA19-C06A20037AEF}</link>
                    </value>
                  </value>
                  <value type="string" key="connectionString"></value>
                  <value type="string" key="defaultCharacterSetName"></value>
                  <value type="string" key="defaultCollationName">utf8mb4_uca1400_ai_ci</value>
                  <value type="int" key="delayKeyWrite">0</value>
                  <value _ptr_="00000297FB56E740" type="list" content-type="object" content-struct-name="db.mysql.ForeignKey" key="foreignKeys"/>
                  <value _ptr_="00000297FB56DBE0" type="list" content-type="object" content-struct-name="db.mysql.Index" key="indices">
                    <value type="object" struct-name="db.mysql.Index" id="{9DB8C72A-7948-4AC6-B0CB-3C7E04B2FB5D}" struct-checksum="0xdb1989cd">
                      <value type="string" key="algorithm"></value>
                      <value _ptr_="00000297FB56DEF0" type="list" content-type="object" content-struct-name="db.mysql.IndexColumn" key="columns">
                        <value type="object" struct-name="db.mysql.IndexColumn" id="{3A6D4FE6-BA60-441B-9D25-524990ADE949}" struct-checksum="0x62630b3c">
                          <value type="int" key="columnLength">0</value>
                          <value type="string" key="comment"></value>
                          <value type="int" key="descend">0</value>
                          <value type="string" key="expression"></value>
                          <link type="object" struct-name="db.Column" key="referencedColumn">{9915DEA7-F229-4F69-924F-4E76CCA2EACE}</link>
                          <value type="string" key="name"></value>
                          <link type="object" struct-name="GrtObject" key="owner">{9DB8C72A-7948-4AC6-B0CB-3C7E04B2FB5D}</link>
                        </value>
                      </value>
                      <value type="string" key="indexKind"></value>
                      <value type="int" key="keyBlockSize">0</value>
                      <value type="string" key="lockOption"></value>
                      <value type="int" key="visible">1</value>
                      <value type="string" key="withParser"></value>
                      <value type="string" key="comment"></value>
                      <value type="int" key="deferability">0</value>
                      <value type="string" key="indexType">PRIMARY</value>
                      <value type="int" key="isPrimary">1</value>
                      <value type="string" key="name">PRIMARY</value>
                      <value type="int" key="unique">0</value>
                      <value type="int" key="commentedOut">0</value>
                      <value type="string" key="createDate"></value>
                      <value _ptr_="00000297842E8950" type="dict" key="customData"/>
                      <value type="string" key="lastChangeDate"></value>
                      <value type="int" key="modelOnly">0</value>
                      <link type="object" struct-name="GrtNamedObject" key="owner">{87B04901-FEA7-486E-AA19-C06A20037AEF}</link>
                      <value type="string" key="temp_sql"></value>
                      <value type="string" key="oldName">PRIMARY</value>
                    </value>
                  </value>
                  <value type="string" key="keyBlockSize"></value>
                  <value type="string" key="maxRows"></value>
                  <value type="string" key="mergeInsert"></value>
                  <value type="string" key="mergeUnion"></value>
                  <value type="string" key="minRows"></value>
                  <value type="string" key="nextAutoInc"></value>
                  <value type="string" key="packKeys"></value>
                  <value type="int" key="partitionCount">0</value>
                  <value _ptr_="00000297FB56E7B0" type="list" content-type="object" content-struct-name="db.mysql.PartitionDefinition" key="partitionDefinitions"/>
                  <value type="string" key="partitionExpression"></value>
                  <value type="int" key="partitionKeyAlgorithm">0</value>
                  <value type="string" key="partitionType"></value>
                  <value type="string" key="password"></value>
                  <link type="object" struct-name="db.mysql.Index" key="primaryKey">{9DB8C72A-7948-4AC6-B0CB-3C7E04B2FB5D}</link>
                  <value type="string" key="raidChunkSize"></value>
                  <value type="string" key="raidChunks"></value>
                  <value type="string" key="raidType"></value>
                  <value type="string" key="rowFormat"></value>
                  <value type="string" key="statsAutoRecalc"></value>
                  <value type="string" key="statsPersistent"></value>
                  <value type="int" key="statsSamplePages">0</value>
                  <value type="int" key="subpartitionCount">0</value>
                  <value type="string" key="subpartitionExpression"></value>
                  <value type="int" key="subpartitionKeyAlgorithm">0</value>
                  <value type="string" key="subpartitionType"></value>
                  <value type="string" key="tableDataDir"></value>
                  <value type="string" key="tableEngine">InnoDB</value>
                  <value type="string" key="tableIndexDir"></value>
                  <value type="string" key="tableSpace"></value>
                  <value _ptr_="00000297FB56D7F0" type="list" content-type="object" content-struct-name="db.mysql.Trigger" key="triggers"/>
                  <value type="int" key="isStub">0</value>
                  <value type="int" key="isSystem">0</value>
                  <value type="int" key="isTemporary">0</value>
                  <value type="string" key="temporaryScope"></value>
                  <value type="int" key="commentedOut">0</value>
                  <value type="string" key="createDate">2026-02-07 18:22</value>
                  <value _ptr_="00000297842E88F0" type="dict" key="customData"/>
                  <value type="string" key="lastChangeDate">2026-02-07 18:22</value>
                  <value type="int" key="modelOnly">0</value>
                  <value type="string" key="name">customers</value>
                  <link type="object" struct-name="GrtNamedObject" key="owner">{3999ED8F-656A-46AD-B848-6C7828B3A5FA}</link>
                  <value type="string" key="temp_sql"></value>
                  <value type="string" key="comment"></value>
                  <value type="string" key="oldName">customers</value>
                </value>
                <value type="object" struct-name="db.mysql.Table" id="{2D3C16A8-AF0B-4540-A36C-B62250B51FC1}" struct-checksum="0x4564421a">
                  <value type="string" key="avgRowLength"></value>
                  <value type="int" key="checksum">0</value>
                  <value _ptr_="00000297FB56D470" type="list" content-type="object" content-struct-name="db.mysql.Column" key="columns">
                    <value type="object" struct-name="db.mysql.Column" id="{3DE273D2-FDE8-4988-A557-080FF1C0115D}" struct-checksum="0xba88e21c">
                      <value type="int" key="autoIncrement">0</value>
                      <value type="string" key="expression"></value>
                      <value type="int" key="generated">0</value>
                      <value type="string" key="generatedStorage"></value>
                      <value type="string" key="characterSetName"></value>
                      <value _ptr_="00000297FB56CD70" type="list" content-type="object" content-struct-name="db.CheckConstraint" key="checks"/>
                      <value type="string" key="collationName"></value>
                      <value type="string" key="datatypeExplicitParams"></value>
                      <value type="string" key="defaultValue"></value>
                      <value type="int" key="defaultValueIsNull">0</value>
                      <value _ptr_="00000297FB56D550" type="list" content-type="string" key="flags"/>
                      <value type="int" key="isNotNull">1</value>
                      <value type="int" key="length">-1</value>
                      <value type="int" key="precision">11</value>
                      <value type="int" key="scale">-1</value>
                      <link type="object" struct-name="db.SimpleDatatype" key="simpleType">com.mysql.rdbms.mysql.datatype.int</link>
                      <value type="string" key="comment"></value>
                      <value type="string" key="name">id</value>
                      <value type="string" key="oldName">id</value>
                      <link type="object" struct-name="GrtObject" key="owner">{2D3C16A8-AF0B-4540-A36C-B62250B51FC1}</link>
                    </value>
                    <value type="object" struct-name="db.mysql.Column" id="{7B7D398D-3FB5-4C05-B862-D3DB534EDBF0}" struct-checksum="0xba88e21c">
                      <value type="int" key="autoIncrement">0</value>
                      <value type="string" key="expression"></value>
                      <value type="int" key="generated">0</value>
                      <value type="string" key="generatedStorage"></value>
                      <value type="string" key="characterSetName"></value>
                      <value _ptr_="00000297FB56CDE0" type="list" content-type="object" content-struct-name="db.CheckConstraint" key="checks"/>
                      <value type="string" key="collationName"></value>
                      <value type="string" key="datatypeExplicitParams"></value>
                      <value type="string" key="defaultValue">NULL</value>
                      <value type="int" key="defaultValueIsNull">1</value>
                      <value _ptr_="00000297FB56CEC0" type="list" content-type="string" key="flags"/>
                      <value type="int" key="isNotNull">0</value>
                      <value type="int" key="length">50</value>
                      <value type="int" key="precision">-1</value>
                      <value type="int" key="scale">-1</value>
                      <link type="object" struct-name="db.SimpleDatatype" key="simpleType">com.mysql.rdbms.mysql.datatype.varchar</link>
                      <value type="string" key="comment"></value>
                      <value type="string" key="name">product_name</value>
                      <value type="string" key="oldName">product_name</value>
                      <link type="object" struct-name="GrtObject" key="owner">{2D3C16A8-AF0B-4540-A36C-B62250B51FC1}</link>
                    </value>
                    <value type="object" struct-name="db.mysql.Column" id="{2D853175-59C0-46ED-8F76-33F12D701BD3}" struct-checksum="0xba88e21c">
                      <value type="int" key="autoIncrement">0</value>
                      <value type="string" key="expression"></value>
                      <value type="int" key="generated">0</value>
                      <value type="string" key="generatedStorage"></value>
                      <value type="string" key="characterSetName"></value>
                      <value _ptr_="00000297FB56D630" type="list" content-type="object" content-struct-name="db.CheckConstraint" key="checks"/>
                      <value type="string" key="collationName"></value>
                      <value type="string" key="datatypeExplicitParams"></value>
                      <value type="string" key="defaultValue">NULL</value>
                      <value type="int" key="defaultValueIsNull">1</value>
                      <value _ptr_="00000297FB56CF30" type="list" content-type="string" key="flags"/>
                      <value type="int" key="isNotNull">0</value>
                      <value type="int" key="length">-1</value>
                      <value type="int" key="precision">10</value>
                      <value type="int" key="scale">2</value>
                      <link type="object" struct-name="db.SimpleDatatype" key="simpleType">com.mysql.rdbms.mysql.datatype.decimal</link>
                      <value type="string" key="comment"></value>
                      <value type="string" key="name">price</value>
                      <value type="string" key="oldName">price</value>
                      <link type="object" struct-name="GrtObject" key="owner">{2D3C16A8-AF0B-4540-A36C-B62250B51FC1}</link>
                    </value>
                  </value>
                  <value type="string" key="connectionString"></value>
                  <value type="string" key="defaultCharacterSetName"></value>
                  <value type="string" key="defaultCollationName">utf8mb4_uca1400_ai_ci</value>
                  <value type="int" key="delayKeyWrite">0</value>
                  <value _ptr_="00000297FB56D710" type="list" content-type="object" content-struct-name="db.mysql.ForeignKey" key="foreignKeys"/>
                  <value _ptr_="00000297FB56D4E0" type="list" content-type="object" content-struct-name="db.mysql.Index" key="indices">
                    <value type="object" struct-name="db.mysql.Index" id="{2195E861-5B50-4E66-82E4-63B3CDB45721}" struct-checksum="0xdb1989cd">
                      <value type="string" key="algorithm"></value>
                      <value _ptr_="00000297FB56CFA0" type="list" content-type="object" content-struct-name="db.mysql.IndexColumn" key="columns">
                        <value type="object" struct-name="db.mysql.IndexColumn" id="{29CEC91F-4EF4-49EB-95B3-8E4498AA7152}" struct-checksum="0x62630b3c">
                          <value type="int" key="columnLength">0</value>
                          <value type="string" key="comment"></value>
                          <value type="int" key="descend">0</value>
                          <value type="string" key="expression"></value>
                          <link type="object" struct-name="db.Column" key="referencedColumn">{3DE273D2-FDE8-4988-A557-080FF1C0115D}</link>
                          <value type="string" key="name"></value>
                          <link type="object" struct-name="GrtObject" key="owner">{2195E861-5B50-4E66-82E4-63B3CDB45721}</link>
                        </value>
                      </value>
                      <value type="string" key="indexKind"></value>
                      <value type="int" key="keyBlockSize">0</value>
                      <value type="string" key="lockOption"></value>
                      <value type="int" key="visible">1</value>
                      <value type="string" key="withParser"></value>
                      <value type="string" key="comment"></value>
                      <value type="int" key="deferability">0</value>
                      <value type="string" key="indexType">PRIMARY</value>
                      <value type="int" key="isPrimary">1</value>
                      <value type="string" key="name">PRIMARY</value>
                      <value type="int" key="unique">0</value>
                      <value type="int" key="commentedOut">0</value>
                      <value type="string" key="createDate"></value>
                      <value _ptr_="00000297842EAB10" type="dict" key="customData"/>
                      <value type="string" key="lastChangeDate"></value>
                      <value type="int" key="modelOnly">0</value>
                      <link type="object" struct-name="GrtNamedObject" key="owner">{2D3C16A8-AF0B-4540-A36C-B62250B51FC1}</link>
                      <value type="string" key="temp_sql"></value>
                      <value type="string" key="oldName">PRIMARY</value>
                    </value>
                  </value>
                  <value type="string" key="keyBlockSize"></value>
                  <value type="string" key="maxRows"></value>
                  <value type="string" key="mergeInsert"></value>
                  <value type="string" key="mergeUnion"></value>
                  <value type="string" key="minRows"></value>
                  <value type="string" key="nextAutoInc"></value>
                  <value type="string" key="packKeys"></value>
                  <value type="int" key="partitionCount">0</value>
                  <value _ptr_="00000297FB56E5F0" type="list" content-type="object" content-struct-name="db.mysql.PartitionDefinition" key="partitionDefinitions"/>
                  <value type="string" key="partitionExpression"></value>
                  <value type="int" key="partitionKeyAlgorithm">0</value>
                  <value type="string" key="partitionType"></value>
                  <value type="string" key="password"></value>
                  <link type="object" struct-name="db.mysql.Index" key="primaryKey">{2195E861-5B50-4E66-82E4-63B3CDB45721}</link>
                  <value type="string" key="raidChunkSize"></value>
                  <value type="string" key="raidChunks"></value>
                  <value type="string" key="raidType"></value>
                  <value type="string" key="rowFormat"></value>
                  <value type="string" key="statsAutoRecalc"></value>
                  <value type="string" key="statsPersistent"></value>
                  <value type="int" key="statsSamplePages">0</value>
                  <value type="int" key="subpartitionCount">0</value>
                  <value type="string" key="subpartitionExpression"></value>
                  <value type="int" key="subpartitionKeyAlgorithm">0</value>
                  <value type="string" key="subpartitionType"></value>
                  <value type="string" key="tableDataDir"></value>
                  <value type="string" key="tableEngine">InnoDB</value>
                  <value type="string" key="tableIndexDir"></value>
                  <value type="string" key="tableSpace"></value>
                  <value _ptr_="00000297FB56E350" type="list" content-type="object" content-struct-name="db.mysql.Trigger" key="triggers"/>
                  <value type="int" key="isStub">0</value>
                  <value type="int" key="isSystem">0</value>
                  <value type="int" key="isTemporary">0</value>
                  <value type="string" key="temporaryScope"></value>
                  <value type="int" key="commentedOut">0</value>
                  <value type="string" key="createDate">2026-02-07 18:22</value>
                  <value _ptr_="00000297842EA090" type="dict" key="customData"/>
                  <value type="string" key="lastChangeDate">2026-02-07 18:22</value>
                  <value type="int" key="modelOnly">0</value>
                  <value type="string" key="name">products</value>
                  <link type="object" struct-name="GrtNamedObject" key="owner">{3999ED8F-656A-46AD-B848-6C7828B3A5FA}</link>
                  <value type="string" key="temp_sql"></value>
                  <value type="string" key="comment"></value>
                  <value type="string" key="oldName">products</value>
                </value>
                <value type="object" struct-name="db.mysql.Table" id="{CCAC9B8C-0564-435F-809F-1ADB73C7D82D}" struct-checksum="0x4564421a">
                  <value type="string" key="avgRowLength"></value>
                  <value type="int" key="checksum">0</value>
                  <value _ptr_="00000297FB55D640" type="list" content-type="object" content-struct-name="db.mysql.Column" key="columns">
                    <value type="object" struct-name="db.mysql.Column" id="{484C9516-7CEC-4FEB-9904-7D104543A0CB}" struct-checksum="0xba88e21c">
                      <value type="int" key="autoIncrement">0</value>
                      <value type="string" key="expression"></value>
                      <value type="int" key="generated">0</value>
                      <value type="string" key="generatedStorage"></value>
                      <value type="string" key="characterSetName"></value>
                      <value _ptr_="00000297FB55F9B0" type="list" content-type="object" content-struct-name="db.CheckConstraint" key="checks"/>
                      <value type="string" key="collationName"></value>
                      <value type="string" key="datatypeExplicitParams"></value>
                      <value type="string" key="defaultValue"></value>
                      <value type="int" key="defaultValueIsNull">0</value>
                      <value _ptr_="00000297FB55FFD0" type="list" content-type="string" key="flags"/>
                      <value type="int" key="isNotNull">1</value>
                      <value type="int" key="length">-1</value>
                      <value type="int" key="precision">11</value>
                      <value type="int" key="scale">-1</value>
                      <link type="object" struct-name="db.SimpleDatatype" key="simpleType">com.mysql.rdbms.mysql.datatype.int</link>
                      <value type="string" key="comment"></value>
                      <value type="string" key="name">sale_id</value>
                      <value type="string" key="oldName">sale_id</value>
                      <link type="object" struct-name="GrtObject" key="owner">{CCAC9B8C-0564-435F-809F-1ADB73C7D82D}</link>
                    </value>
                    <value type="object" struct-name="db.mysql.Column" id="{2B9020B3-0FE8-4AE9-B9C2-5B47B8EF3FE4}" struct-checksum="0xba88e21c">
                      <value type="int" key="autoIncrement">0</value>
                      <value type="string" key="expression"></value>
                      <value type="int" key="generated">0</value>
                      <value type="string" key="generatedStorage"></value>
                      <value type="string" key="characterSetName"></value>
                      <value _ptr_="00000297FB560120" type="list" content-type="object" content-struct-name="db.CheckConstraint" key="checks"/>
                      <value type="string" key="collationName"></value>
                      <value type="string" key="datatypeExplicitParams"></value>
                      <value type="string" key="defaultValue">NULL</value>
                      <value type="int" key="defaultValueIsNull">1</value>
                      <value _ptr_="00000297FB55EEC0" type="list" content-type="string" key="flags"/>
                      <value type="int" key="isNotNull">0</value>
                      <value type="int" key="length">-1</value>
                      <value type="int" key="precision">11</value>
                      <value type="int" key="scale">-1</value>
                      <link type="object" struct-name="db.SimpleDatatype" key="simpleType">com.mysql.rdbms.mysql.datatype.int</link>
                      <value type="string" key="comment"></value>
                      <value type="string" key="name">customer_id</value>
                      <value type="string" key="oldName">customer_id</value>
                      <link type="object" struct-name="GrtObject" key="owner">{CCAC9B8C-0564-435F-809F-1ADB73C7D82D}</link>
                    </value>
                    <value type="object" struct-name="db.mysql.Column" id="{65AE0F1B-C656-4E88-9C4A-5BDF243FC350}" struct-checksum="0xba88e21c">
                      <value type="int" key="autoIncrement">0</value>
                      <value type="string" key="expression"></value>
                      <value type="int" key="generated">0</value>
                      <value type="string" key="generatedStorage"></value>
                      <value type="string" key="characterSetName"></value>
                      <value _ptr_="00000297FB560190" type="list" content-type="object" content-struct-name="db.CheckConstraint" key="checks"/>
                      <value type="string" key="collationName"></value>
                      <value type="string" key="datatypeExplicitParams"></value>
                      <value type="string" key="defaultValue">NULL</value>
                      <value type="int" key="defaultValueIsNull">1</value>
                      <value _ptr_="00000297FB560660" type="list" content-type="string" key="flags"/>
                      <value type="int" key="isNotNull">0</value>
                      <value type="int" key="length">-1</value>
                      <value type="int" key="precision">11</value>
                      <value type="int" key="scale">-1</value>
                      <link type="object" struct-name="db.SimpleDatatype" key="simpleType">com.mysql.rdbms.mysql.datatype.int</link>
                      <value type="string" key="comment"></value>
                      <value type="string" key="name">product_id</value>
                      <value type="string" key="oldName">product_id</value>
                      <link type="object" struct-name="GrtObject" key="owner">{CCAC9B8C-0564-435F-809F-1ADB73C7D82D}</link>
                    </value>
                    <value type="object" struct-name="db.mysql.Column" id="{565057AC-D119-48E0-8B0B-A157561163B4}" struct-checksum="0xba88e21c">
                      <value type="int" key="autoIncrement">0</value>
                      <value type="string" key="expression"></value>
                      <value type="int" key="generated">0</value>
                      <value type="string" key="generatedStorage"></value>
                      <value type="string" key="characterSetName"></value>
                      <value _ptr_="00000297FB5603C0" type="list" content-type="object" content-struct-name="db.CheckConstraint" key="checks"/>
                      <value type="string" key="collationName"></value>
                      <value type="string" key="datatypeExplicitParams"></value>
                      <value type="string" key="defaultValue">NULL</value>
                      <value type="int" key="defaultValueIsNull">1</value>
                      <value _ptr_="00000297FB56BBF0" type="list" content-type="string" key="flags"/>
                      <value type="int" key="isNotNull">0</value>
                      <value type="int" key="length">-1</value>
                      <value type="int" key="precision">-1</value>
                      <value type="int" key="scale">-1</value>
                      <link type="object" struct-name="db.SimpleDatatype" key="simpleType">com.mysql.rdbms.mysql.datatype.date</link>
                      <value type="string" key="comment"></value>
                      <value type="string" key="name">sale_date</value>
                      <value type="string" key="oldName">sale_date</value>
                      <link type="object" struct-name="GrtObject" key="owner">{CCAC9B8C-0564-435F-809F-1ADB73C7D82D}</link>
                    </value>
                    <value type="object" struct-name="db.mysql.Column" id="{7FD8C158-6A58-4E4A-A27C-86207FCB3C66}" struct-checksum="0xba88e21c">
                      <value type="int" key="autoIncrement">0</value>
                      <value type="string" key="expression"></value>
                      <value type="int" key="generated">0</value>
                      <value type="string" key="generatedStorage"></value>
                      <value type="string" key="characterSetName"></value>
                      <value _ptr_="00000297FB56DDA0" type="list" content-type="object" content-struct-name="db.CheckConstraint" key="checks"/>
                      <value type="string" key="collationName"></value>
                      <value type="string" key="datatypeExplicitParams"></value>
                      <value type="string" key="defaultValue">NULL</value>
                      <value type="int" key="defaultValueIsNull">1</value>
                      <value _ptr_="00000297FB56D390" type="list" content-type="string" key="flags"/>
                      <value type="int" key="isNotNull">0</value>
                      <value type="int" key="length">-1</value>
                      <value type="int" key="precision">11</value>
                      <value type="int" key="scale">-1</value>
                      <link type="object" struct-name="db.SimpleDatatype" key="simpleType">com.mysql.rdbms.mysql.datatype.int</link>
                      <value type="string" key="comment"></value>
                      <value type="string" key="name">quantity</value>
                      <value type="string" key="oldName">quantity</value>
                      <link type="object" struct-name="GrtObject" key="owner">{CCAC9B8C-0564-435F-809F-1ADB73C7D82D}</link>
                    </value>
                  </value>
                  <value type="string" key="connectionString"></value>
                  <value type="string" key="defaultCharacterSetName"></value>
                  <value type="string" key="defaultCollationName">utf8mb4_uca1400_ai_ci</value>
                  <value type="int" key="delayKeyWrite">0</value>
                  <value _ptr_="00000297FB55E7C0" type="list" content-type="object" content-struct-name="db.mysql.ForeignKey" key="foreignKeys">
                    <value type="object" struct-name="db.mysql.ForeignKey" id="{7C507C99-CE84-481B-9412-C55C3B6A7BA2}" struct-checksum="0x70a8fc40">
                      <link type="object" struct-name="db.mysql.Table" key="referencedTable">{87B04901-FEA7-486E-AA19-C06A20037AEF}</link>
                      <value _ptr_="00000297FB55C6F0" type="list" content-type="object" content-struct-name="db.Column" key="columns">
                        <link type="object">{2B9020B3-0FE8-4AE9-B9C2-5B47B8EF3FE4}</link>
                      </value>
                      <value _ptr_="00000297842ED2D0" type="dict" key="customData"/>
                      <value type="int" key="deferability">0</value>
                      <value type="string" key="deleteRule"></value>
                      <link type="object" struct-name="db.Index" key="index">{0F425704-5C9C-4FB2-A45A-9753CD3FB005}</link>
                      <value type="int" key="mandatory">1</value>
                      <value type="int" key="many">1</value>
                      <value type="int" key="modelOnly">0</value>
                      <link type="object" struct-name="db.Table" key="owner">{CCAC9B8C-0564-435F-809F-1ADB73C7D82D}</link>
                      <value _ptr_="00000297FB55CE60" type="list" content-type="object" content-struct-name="db.Column" key="referencedColumns">
                        <link type="object">{9915DEA7-F229-4F69-924F-4E76CCA2EACE}</link>
                      </value>
                      <value type="int" key="referencedMandatory">1</value>
                      <value type="string" key="updateRule"></value>
                      <value type="string" key="comment"></value>
                      <value type="string" key="name">sales_ibfk_1</value>
                      <value type="string" key="oldName">sales_ibfk_1</value>
                    </value>
                    <value type="object" struct-name="db.mysql.ForeignKey" id="{A3B63586-229F-49D7-B082-7E0082587A21}" struct-checksum="0x70a8fc40">
                      <link type="object" struct-name="db.mysql.Table" key="referencedTable">{2D3C16A8-AF0B-4540-A36C-B62250B51FC1}</link>
                      <value _ptr_="00000297FB55CED0" type="list" content-type="object" content-struct-name="db.Column" key="columns">
                        <link type="object">{65AE0F1B-C656-4E88-9C4A-5BDF243FC350}</link>
                      </value>
                      <value _ptr_="00000297842ED450" type="dict" key="customData"/>
                      <value type="int" key="deferability">0</value>
                      <value type="string" key="deleteRule"></value>
                      <link type="object" struct-name="db.Index" key="index">{10302416-4F57-4F2D-BD12-25AFDCA6C62D}</link>
                      <value type="int" key="mandatory">1</value>
                      <value type="int" key="many">1</value>
                      <value type="int" key="modelOnly">0</value>
                      <link type="object" struct-name="db.Table" key="owner">{CCAC9B8C-0564-435F-809F-1ADB73C7D82D}</link>
                      <value _ptr_="00000297FB55D020" type="list" content-type="object" content-struct-name="db.Column" key="referencedColumns">
                        <link type="object">{3DE273D2-FDE8-4988-A557-080FF1C0115D}</link>
                      </value>
                      <value type="int" key="referencedMandatory">1</value>
                      <value type="string" key="updateRule"></value>
                      <value type="string" key="comment"></value>
                      <value type="string" key="name">sales_ibfk_2</value>
                      <value type="string" key="oldName">sales_ibfk_2</value>
                    </value>
                  </value>
                  <value _ptr_="00000297FB55D6B0" type="list" content-type="object" content-struct-name="db.mysql.Index" key="indices">
                    <value type="object" struct-name="db.mysql.Index" id="{ADC13247-78D2-4E1E-B428-6762AF36D267}" struct-checksum="0xdb1989cd">
                      <value type="string" key="algorithm"></value>
                      <value _ptr_="00000297FB56CD00" type="list" content-type="object" content-struct-name="db.mysql.IndexColumn" key="columns">
                        <value type="object" struct-name="db.mysql.IndexColumn" id="{8740C342-D089-48C8-9BC3-210A19B97BD6}" struct-checksum="0x62630b3c">
                          <value type="int" key="columnLength">0</value>
                          <value type="string" key="comment"></value>
                          <value type="int" key="descend">0</value>
                          <value type="string" key="expression"></value>
                          <link type="object" struct-name="db.Column" key="referencedColumn">{484C9516-7CEC-4FEB-9904-7D104543A0CB}</link>
                          <value type="string" key="name"></value>
                          <link type="object" struct-name="GrtObject" key="owner">{ADC13247-78D2-4E1E-B428-6762AF36D267}</link>
                        </value>
                      </value>
                      <value type="string" key="indexKind"></value>
                      <value type="int" key="keyBlockSize">0</value>
                      <value type="string" key="lockOption"></value>
                      <value type="int" key="visible">1</value>
                      <value type="string" key="withParser"></value>
                      <value type="string" key="comment"></value>
                      <value type="int" key="deferability">0</value>
                      <value type="string" key="indexType">PRIMARY</value>
                      <value type="int" key="isPrimary">1</value>
                      <value type="string" key="name">PRIMARY</value>
                      <value type="int" key="unique">0</value>
                      <value type="int" key="commentedOut">0</value>
                      <value type="string" key="createDate"></value>
                      <value _ptr_="00000297842ED150" type="dict" key="customData"/>
                      <value type="string" key="lastChangeDate"></value>
                      <value type="int" key="modelOnly">0</value>
                      <link type="object" struct-name="GrtNamedObject" key="owner">{CCAC9B8C-0564-435F-809F-1ADB73C7D82D}</link>
                      <value type="string" key="temp_sql"></value>
                      <value type="string" key="oldName">PRIMARY</value>
                    </value>
                    <value type="object" struct-name="db.mysql.Index" id="{0F425704-5C9C-4FB2-A45A-9753CD3FB005}" struct-checksum="0xdb1989cd">
                      <value type="string" key="algorithm"></value>
                      <value _ptr_="00000297FB56D0F0" type="list" content-type="object" content-struct-name="db.mysql.IndexColumn" key="columns">
                        <value type="object" struct-name="db.mysql.IndexColumn" id="{80832709-FD5B-46AB-9A73-D0A626AE153C}" struct-checksum="0x62630b3c">
                          <value type="int" key="columnLength">0</value>
                          <value type="string" key="comment"></value>
                          <value type="int" key="descend">0</value>
                          <value type="string" key="expression"></value>
                          <link type="object" struct-name="db.Column" key="referencedColumn">{2B9020B3-0FE8-4AE9-B9C2-5B47B8EF3FE4}</link>
                          <value type="string" key="name"></value>
                          <link type="object" struct-name="GrtObject" key="owner">{0F425704-5C9C-4FB2-A45A-9753CD3FB005}</link>
                        </value>
                      </value>
                      <value type="string" key="indexKind"></value>
                      <value type="int" key="keyBlockSize">0</value>
                      <value type="string" key="lockOption"></value>
                      <value type="int" key="visible">1</value>
                      <value type="string" key="withParser"></value>
                      <value type="string" key="comment"></value>
                      <value type="int" key="deferability">0</value>
                      <value type="string" key="indexType">INDEX</value>
                      <value type="int" key="isPrimary">0</value>
                      <value type="string" key="name">customer_id</value>
                      <value type="int" key="unique">0</value>
                      <value type="int" key="commentedOut">0</value>
                      <value type="string" key="createDate"></value>
                      <value _ptr_="00000297842EDB70" type="dict" key="customData"/>
                      <value type="string" key="lastChangeDate"></value>
                      <value type="int" key="modelOnly">0</value>
                      <link type="object" struct-name="GrtNamedObject" key="owner">{CCAC9B8C-0564-435F-809F-1ADB73C7D82D}</link>
                      <value type="string" key="temp_sql"></value>
                      <value type="string" key="oldName">customer_id</value>
                    </value>
                    <value type="object" struct-name="db.mysql.Index" id="{10302416-4F57-4F2D-BD12-25AFDCA6C62D}" struct-checksum="0xdb1989cd">
                      <value type="string" key="algorithm"></value>
                      <value _ptr_="00000297FB56E120" type="list" content-type="object" content-struct-name="db.mysql.IndexColumn" key="columns">
                        <value type="object" struct-name="db.mysql.IndexColumn" id="{3525F293-78C1-493D-B494-7739092018F1}" struct-checksum="0x62630b3c">
                          <value type="int" key="columnLength">0</value>
                          <value type="string" key="comment"></value>
                          <value type="int" key="descend">0</value>
                          <value type="string" key="expression"></value>
                          <link type="object" struct-name="db.Column" key="referencedColumn">{65AE0F1B-C656-4E88-9C4A-5BDF243FC350}</link>
                          <value type="string" key="name"></value>
                          <link type="object" struct-name="GrtObject" key="owner">{10302416-4F57-4F2D-BD12-25AFDCA6C62D}</link>
                        </value>
                      </value>
                      <value type="string" key="indexKind"></value>
                      <value type="int" key="keyBlockSize">0</value>
                      <value type="string" key="lockOption"></value>
                      <value type="int" key="visible">1</value>
                      <value type="string" key="withParser"></value>
                      <value type="string" key="comment"></value>
                      <value type="int" key="deferability">0</value>
                      <value type="string" key="indexType">INDEX</value>
                      <value type="int" key="isPrimary">0</value>
                      <value type="string" key="name">product_id</value>
                      <value type="int" key="unique">0</value>
                      <value type="int" key="commentedOut">0</value>
                      <value type="string" key="createDate"></value>
                      <value _ptr_="00000297842ECEB0" type="dict" key="customData"/>
                      <value type="string" key="lastChangeDate"></value>
                      <value type="int" key="modelOnly">0</value>
                      <link type="object" struct-name="GrtNamedObject" key="owner">{CCAC9B8C-0564-435F-809F-1ADB73C7D82D}</link>
                      <value type="string" key="temp_sql"></value>
                      <value type="string" key="oldName">product_id</value>
                    </value>
                  </value>
                  <value type="string" key="keyBlockSize"></value>
                  <value type="string" key="maxRows"></value>
                  <value type="string" key="mergeInsert"></value>
                  <value type="string" key="mergeUnion"></value>
                  <value type="string" key="minRows"></value>
                  <value type="string" key="nextAutoInc"></value>
                  <value type="string" key="packKeys"></value>
                  <value type="int" key="partitionCount">0</value>
                  <value _ptr_="00000297FB55D9C0" type="list" content-type="object" content-struct-name="db.mysql.PartitionDefinition" key="partitionDefinitions"/>
                  <value type="string" key="partitionExpression"></value>
                  <value type="int" key="partitionKeyAlgorithm">0</value>
                  <value type="string" key="partitionType"></value>
                  <value type="string" key="password"></value>
                  <link type="object" struct-name="db.mysql.Index" key="primaryKey">{ADC13247-78D2-4E1E-B428-6762AF36D267}</link>
                  <value type="string" key="raidChunkSize"></value>
                  <value type="string" key="raidChunks"></value>
                  <value type="string" key="raidType"></value>
                  <value type="string" key="rowFormat"></value>
                  <value type="string" key="statsAutoRecalc"></value>
                  <value type="string" key="statsPersistent"></value>
                  <value type="int" key="statsSamplePages">0</value>
                  <value type="int" key="subpartitionCount">0</value>
                  <value type="string" key="subpartitionExpression"></value>
                  <value type="int" key="subpartitionKeyAlgorithm">0</value>
                  <value type="string" key="subpartitionType"></value>
                  <value type="string" key="tableDataDir"></value>
                  <value type="string" key="tableEngine">InnoDB</value>
                  <value type="string" key="tableIndexDir"></value>
                  <value type="string" key="tableSpace"></value>
                  <value _ptr_="00000297FB55E670" type="list" content-type="object" content-struct-name="db.mysql.Trigger" key="triggers"/>
                  <value type="int" key="isStub">0</value>
                  <value type="int" key="isSystem">0</value>
                  <value type="int" key="isTemporary">0</value>
                  <value type="string" key="temporaryScope"></value>
                  <value type="int" key="commentedOut">0</value>
                  <value type="string" key="createDate">2026-02-07 18:22</value>
                  <value _ptr_="00000297842EE230" type="dict" key="customData"/>
                  <value type="string" key="lastChangeDate">2026-02-07 18:22</value>
                  <value type="int" key="modelOnly">0</value>
                  <value type="string" key="name">sales</value>
                  <link type="object" struct-name="GrtNamedObject" key="owner">{3999ED8F-656A-46AD-B848-6C7828B3A5FA}</link>
                  <value type="string" key="temp_sql"></value>
                  <value type="string" key="comment"></value>
                  <value type="string" key="oldName">sales</value>
                </value>
              </value>
              <value _ptr_="00000297FB56E580" type="list" content-type="object" content-struct-name="db.mysql.View" key="views"/>
              <value type="string" key="defaultCharacterSetName"></value>
              <value type="string" key="defaultCollationName">utf8mb4_uca1400_ai_ci</value>
              <value _ptr_="00000297FB56E6D0" type="list" content-type="object" content-struct-name="db.Event" key="events"/>
              <value type="int" key="commentedOut">0</value>
              <value type="string" key="createDate">2026-02-07 18:22</value>
              <value _ptr_="00000297842E7810" type="dict" key="customData"/>
              <value type="string" key="lastChangeDate">2026-02-07 18:22</value>
              <value type="int" key="modelOnly">0</value>
              <value type="string" key="name">sales_analysis</value>
              <link type="object" struct-name="GrtNamedObject" key="owner">{AB43CB73-AD25-42E8-9A60-EEC88FA21B33}</link>
              <value type="string" key="temp_sql"></value>
              <value type="string" key="comment"></value>
              <value type="string" key="oldName">sales_analysis</value>
            </value>
          </value>
          <value _ptr_="00000297FE58E490" type="list" content-type="object" content-struct-name="db.mysql.ServerLink" key="serverLinks"/>
          <value _ptr_="00000297FE58ED50" type="list" content-type="object" content-struct-name="db.mysql.Tablespace" key="tablespaces"/>
          <value _ptr_="00000297FE58E2D0" type="list" content-type="object" content-struct-name="db.CharacterSet" key="characterSets">
            <link type="object">com.mysql.rdbms.mysql.charset.big5</link>
            <link type="object">com.mysql.rdbms.mysql.charset.dec8</link>
            <link type="object">com.mysql.rdbms.mysql.charset.cp850</link>
            <link type="object">com.mysql.rdbms.mysql.charset.hp8</link>
            <link type="object">com.mysql.rdbms.mysql.charset.koi8r</link>
            <link type="object">com.mysql.rdbms.mysql.charset.latin1</link>
            <link type="object">com.mysql.rdbms.mysql.charset.latin2</link>
            <link type="object">com.mysql.rdbms.mysql.charset.swe7</link>
            <link type="object">com.mysql.rdbms.mysql.charset.ascii</link>
            <link type="object">com.mysql.rdbms.mysql.charset.ujis</link>
            <link type="object">com.mysql.rdbms.mysql.charset.sjis</link>
            <link type="object">com.mysql.rdbms.mysql.charset.hebrew</link>
            <link type="object">com.mysql.rdbms.mysql.charset.tis620</link>
            <link type="object">com.mysql.rdbms.mysql.charset.euckr</link>
            <link type="object">com.mysql.rdbms.mysql.charset.koi8u</link>
            <link type="object">com.mysql.rdbms.mysql.charset.gb18030</link>
            <link type="object">com.mysql.rdbms.mysql.charset.gb2312</link>
            <link type="object">com.mysql.rdbms.mysql.charset.greek</link>
            <link type="object">com.mysql.rdbms.mysql.charset.cp1250</link>
            <link type="object">com.mysql.rdbms.mysql.charset.gbk</link>
            <link type="object">com.mysql.rdbms.mysql.charset.latin5</link>
            <link type="object">com.mysql.rdbms.mysql.charset.asmscii8</link>
            <link type="object">com.mysql.rdbms.mysql.charset.utf8</link>
            <link type="object">com.mysql.rdbms.mysql.charset.ucs2</link>
            <link type="object">com.mysql.rdbms.mysql.charset.cp866</link>
            <link type="object">com.mysql.rdbms.mysql.charset.keybcs2</link>
            <link type="object">com.mysql.rdbms.mysql.charset.macce</link>
            <link type="object">com.mysql.rdbms.mysql.charset.macroman</link>
            <link type="object">com.mysql.rdbms.mysql.charset.cp852</link>
            <link type="object">com.mysql.rdbms.mysql.charset.latin7</link>
            <link type="object">com.mysql.rdbms.mysql.charset.cp1251</link>
            <link type="object">com.mysql.rdbms.mysql.charset.cp1256</link>
            <link type="object">com.mysql.rdbms.mysql.charset.cp1257</link>
            <link type="object">com.mysql.rdbms.mysql.charset.binary</link>
            <link type="object">com.mysql.rdbms.mysql.charset.geostd8</link>
            <link type="object">com.mysql.rdbms.mysql.charset.cp932</link>
            <link type="object">com.mysql.rdbms.mysql.charset.eucjpms</link>
            <link type="object">com.mysql.rdbms.mysql.charset.utf8mb4</link>
            <link type="object">com.mysql.rdbms.mysql.charset.utf16</link>
            <link type="object">com.mysql.rdbms.mysql.charset.utf32</link>
          </value>
          <value _ptr_="0000029784113D90" type="dict" key="customData"/>
          <value type="string" key="defaultCharacterSetName"></value>
          <value type="string" key="defaultCollationName"></value>
          <link type="object" struct-name="db.Schema" key="defaultSchema">{E5306D99-9293-4A0A-9ED6-139AA3D3BAF8}</link>
          <value _ptr_="00000297FE58F760" type="list" content-type="object" content-struct-name="db.Role" key="roles">
            <value type="object" struct-name="db.Role" id="{9F5956E9-DD24-4763-BE21-CD0140355AB6}" struct-checksum="0x3cc75502">
              <value _ptr_="00000297FE58F060" type="list" content-type="object" content-struct-name="db.Role" key="childRoles"/>
              <value _ptr_="00000297FE58EDC0" type="list" content-type="object" content-struct-name="db.RolePrivilege" key="privileges">
                <value type="object" struct-name="db.RolePrivilege" id="{FA4C8892-5C3D-4224-84F5-02157A2A73BE}" struct-checksum="0x39cda05d">
                  <value type="string" key="databaseObjectName">**.*</value>
                  <value type="string" key="databaseObjectType">SCHEMA</value>
                  <value _ptr_="00000297FE58F530" type="list" content-type="string" key="privileges">
                    <value type="string">ALL</value>
                  </value>
                  <value type="string" key="name"></value>
                  <link type="object" struct-name="GrtObject" key="owner">{9F5956E9-DD24-4763-BE21-CD0140355AB6}</link>
                </value>
              </value>
              <value type="int" key="commentedOut">0</value>
              <value type="string" key="createDate"></value>
              <value _ptr_="0000029784113F10" type="dict" key="customData"/>
              <value type="string" key="lastChangeDate"></value>
              <value type="int" key="modelOnly">0</value>
              <value type="string" key="name">owner</value>
              <link type="object" struct-name="GrtNamedObject" key="owner">{AB43CB73-AD25-42E8-9A60-EEC88FA21B33}</link>
              <value type="string" key="temp_sql"></value>
              <value type="string" key="comment"></value>
              <value type="string" key="oldName"></value>
            </value>
            <value type="object" struct-name="db.Role" id="{9263ACF9-D2A9-4367-8CD2-EB070A2CE4FF}" struct-checksum="0x3cc75502">
              <value _ptr_="00000297FE58FB50" type="list" content-type="object" content-struct-name="db.Role" key="childRoles"/>
              <value _ptr_="00000297FE58E1F0" type="list" content-type="object" content-struct-name="db.RolePrivilege" key="privileges">
                <value type="object" struct-name="db.RolePrivilege" id="{461560A5-C8B4-407D-855D-58663D976C98}" struct-checksum="0x39cda05d">
                  <value type="string" key="databaseObjectName">**.*</value>
                  <value type="string" key="databaseObjectType">TABLE</value>
                  <value _ptr_="00000297FE58E420" type="list" content-type="string" key="privileges">
                    <value type="string">SELECT</value>
                  </value>
                  <value type="string" key="name"></value>
                  <link type="object" struct-name="GrtObject" key="owner">{9263ACF9-D2A9-4367-8CD2-EB070A2CE4FF}</link>
                </value>
              </value>
              <value type="int" key="commentedOut">0</value>
              <value type="string" key="createDate"></value>
              <value _ptr_="0000029784114210" type="dict" key="customData"/>
              <value type="string" key="lastChangeDate"></value>
              <value type="int" key="modelOnly">0</value>
              <value type="string" key="name">table.readonly</value>
              <link type="object" struct-name="GrtNamedObject" key="owner">{AB43CB73-AD25-42E8-9A60-EEC88FA21B33}</link>
              <value type="string" key="temp_sql"></value>
              <value type="string" key="comment"></value>
              <value type="string" key="oldName"></value>
            </value>
            <value type="object" struct-name="db.Role" id="{187C19D6-AF57-4154-ADB6-3E31D75BCB5B}" struct-checksum="0x3cc75502">
              <value _ptr_="00000297FE58E960" type="list" content-type="object" content-struct-name="db.Role" key="childRoles"/>
              <value _ptr_="00000297FE58F0D0" type="list" content-type="object" content-struct-name="db.RolePrivilege" key="privileges">
                <value type="object" struct-name="db.RolePrivilege" id="{EB9E3BE0-3D2C-46F2-8735-C03EFA310A06}" struct-checksum="0x39cda05d">
                  <value type="string" key="databaseObjectName">**.*</value>
                  <value type="string" key="databaseObjectType">TABLE</value>
                  <value _ptr_="00000297FE58EC70" type="list" content-type="string" key="privileges">
                    <value type="string">SELECT</value>
                    <value type="string">INSERT</value>
                    <value type="string">TRIGGER</value>
                  </value>
                  <value type="string" key="name"></value>
                  <link type="object" struct-name="GrtObject" key="owner">{187C19D6-AF57-4154-ADB6-3E31D75BCB5B}</link>
                </value>
              </value>
              <value type="int" key="commentedOut">0</value>
              <value type="string" key="createDate"></value>
              <value _ptr_="00000297840F7D70" type="dict" key="customData"/>
              <value type="string" key="lastChangeDate"></value>
              <value type="int" key="modelOnly">0</value>
              <value type="string" key="name">table.insert</value>
              <link type="object" struct-name="GrtNamedObject" key="owner">{AB43CB73-AD25-42E8-9A60-EEC88FA21B33}</link>
              <value type="string" key="temp_sql"></value>
              <value type="string" key="comment"></value>
              <value type="string" key="oldName"></value>
            </value>
            <value type="object" struct-name="db.Role" id="{5EDDD2F7-E51B-4AF6-AC55-0F05373271A0}" struct-checksum="0x3cc75502">
              <value _ptr_="00000297FE58E500" type="list" content-type="object" content-struct-name="db.Role" key="childRoles"/>
              <value _ptr_="00000297FE58EE30" type="list" content-type="object" content-struct-name="db.RolePrivilege" key="privileges">
                <value type="object" struct-name="db.RolePrivilege" id="{517DC4E8-2486-4F50-9657-8643D835A8BA}" struct-checksum="0x39cda05d">
                  <value type="string" key="databaseObjectName">**.*</value>
                  <value type="string" key="databaseObjectType">TABLE</value>
                  <value _ptr_="00000297FE58E650" type="list" content-type="string" key="privileges">
                    <value type="string">SELECT</value>
                    <value type="string">INSERT</value>
                    <value type="string">TRIGGER</value>
                    <value type="string">UPDATE</value>
                    <value type="string">DELETE</value>
                  </value>
                  <value type="string" key="name"></value>
                  <link type="object" struct-name="GrtObject" key="owner">{5EDDD2F7-E51B-4AF6-AC55-0F05373271A0}</link>
                </value>
              </value>
              <value type="int" key="commentedOut">0</value>
              <value type="string" key="createDate"></value>
              <value _ptr_="00000297840F85B0" type="dict" key="customData"/>
              <value type="string" key="lastChangeDate"></value>
              <value type="int" key="modelOnly">0</value>
              <value type="string" key="name">table.modify</value>
              <link type="object" struct-name="GrtNamedObject" key="owner">{AB43CB73-AD25-42E8-9A60-EEC88FA21B33}</link>
              <value type="string" key="temp_sql"></value>
              <value type="string" key="comment"></value>
              <value type="string" key="oldName"></value>
            </value>
            <value type="object" struct-name="db.Role" id="{C11C57DE-BB12-4E26-8038-FCE33F35B660}" struct-checksum="0x3cc75502">
              <value _ptr_="00000297FE58EA40" type="list" content-type="object" content-struct-name="db.Role" key="childRoles"/>
              <value _ptr_="00000297FE58F4C0" type="list" content-type="object" content-struct-name="db.RolePrivilege" key="privileges">
                <value type="object" struct-name="db.RolePrivilege" id="{9562F2FA-C966-4648-9023-2E3C56321CC3}" struct-checksum="0x39cda05d">
                  <value type="string" key="databaseObjectName">**.*</value>
                  <value type="string" key="databaseObjectType">ROUTINE</value>
                  <value _ptr_="00000297FE58EB20" type="list" content-type="string" key="privileges">
                    <value type="string">EXECUTE</value>
                  </value>
                  <value type="string" key="name"></value>
                  <link type="object" struct-name="GrtObject" key="owner">{C11C57DE-BB12-4E26-8038-FCE33F35B660}</link>
                </value>
              </value>
              <value type="int" key="commentedOut">0</value>
              <value type="string" key="createDate"></value>
              <value _ptr_="00000297840F7DD0" type="dict" key="customData"/>
              <value type="string" key="lastChangeDate"></value>
              <value type="int" key="modelOnly">0</value>
              <value type="string" key="name">routine.execute</value>
              <link type="object" struct-name="GrtNamedObject" key="owner">{AB43CB73-AD25-42E8-9A60-EEC88FA21B33}</link>
              <value type="string" key="temp_sql"></value>
              <value type="string" key="comment"></value>
              <value type="string" key="oldName"></value>
            </value>
          </value>
          <value _ptr_="00000297FE58EEA0" type="list" content-type="object" content-struct-name="db.SimpleDatatype" key="simpleDatatypes">
            <link type="object">com.mysql.rdbms.mysql.datatype.tinyint</link>
            <link type="object">com.mysql.rdbms.mysql.datatype.smallint</link>
            <link type="object">com.mysql.rdbms.mysql.datatype.mediumint</link>
            <link type="object">com.mysql.rdbms.mysql.datatype.int</link>
            <link type="object">com.mysql.rdbms.mysql.datatype.bigint</link>
            <link type="object">com.mysql.rdbms.mysql.datatype.float</link>
            <link type="object">com.mysql.rdbms.mysql.datatype.real</link>
            <link type="object">com.mysql.rdbms.mysql.datatype.double</link>
            <link type="object">com.mysql.rdbms.mysql.datatype.decimal</link>
            <link type="object">com.mysql.rdbms.mysql.datatype.char</link>
            <link type="object">com.mysql.rdbms.mysql.datatype.nchar</link>
            <link type="object">com.mysql.rdbms.mysql.datatype.varchar</link>
            <link type="object">com.mysql.rdbms.mysql.datatype.nvarchar</link>
            <link type="object">com.mysql.rdbms.mysql.datatype.binary</link>
            <link type="object">com.mysql.rdbms.mysql.datatype.varbinary</link>
            <link type="object">com.mysql.rdbms.mysql.datatype.tinytext</link>
            <link type="object">com.mysql.rdbms.mysql.datatype.text</link>
            <link type="object">com.mysql.rdbms.mysql.datatype.mediumtext</link>
            <link type="object">com.mysql.rdbms.mysql.datatype.longtext</link>
            <link type="object">com.mysql.rdbms.mysql.datatype.tinyblob</link>
            <link type="object">com.mysql.rdbms.mysql.datatype.blob</link>
            <link type="object">com.mysql.rdbms.mysql.datatype.mediumblob</link>
            <link type="object">com.mysql.rdbms.mysql.datatype.longblob</link>
            <link type="object">com.mysql.rdbms.mysql.datatype.json</link>
            <link type="object">com.mysql.rdbms.mysql.datatype.datetime</link>
            <link type="object">com.mysql.rdbms.mysql.datatype.datetime_f</link>
            <link type="object">com.mysql.rdbms.mysql.datatype.date</link>
            <link type="object">com.mysql.rdbms.mysql.datatype.time</link>
            <link type="object">com.mysql.rdbms.mysql.datatype.time_f</link>
            <link type="object">com.mysql.rdbms.mysql.datatype.year</link>
            <link type="object">com.mysql.rdbms.mysql.datatype.timestamp</link>
            <link type="object">com.mysql.rdbms.mysql.datatype.timestamp_f</link>
            <link type="object">com.mysql.rdbms.mysql.datatype.geometry</link>
            <link type="object">com.mysql.rdbms.mysql.datatype.point</link>
            <link type="object">com.mysql.rdbms.mysql.datatype.linestring</link>
            <link type="object">com.mysql.rdbms.mysql.datatype.polygon</link>
            <link type="object">com.mysql.rdbms.mysql.datatype.geometrycollection</link>
            <link type="object">com.mysql.rdbms.mysql.datatype.multipoint</link>
            <link type="object">com.mysql.rdbms.mysql.datatype.multilinestring</link>
            <link type="object">com.mysql.rdbms.mysql.datatype.multipolygon</link>
            <link type="object">com.mysql.rdbms.mysql.datatype.bit</link>
            <link type="object">com.mysql.rdbms.mysql.datatype.boolean</link>
            <link type="object">com.mysql.rdbms.mysql.datatype.enum</link>
            <link type="object">com.mysql.rdbms.mysql.datatype.set</link>
          </value>
          <value _ptr_="00000297FE58FA70" type="list" content-type="object" content-struct-name="db.UserDatatype" key="userDatatypes"/>
          <value _ptr_="00000297FE58F290" type="list" content-type="object" content-struct-name="db.User" key="users"/>
          <value type="object" struct-name="GrtVersion" id="{9AFF3100-6EA8-47FE-AA05-77F64F5583EE}" struct-checksum="0x7aaa4ede" key="version">
            <value type="int" key="buildNumber">-1</value>
            <value type="int" key="majorNumber">8</value>
            <value type="int" key="minorNumber">0</value>
            <value type="int" key="releaseNumber">46</value>
            <value type="int" key="status">0</value>
            <value type="string" key="name">Version</value>
            <link type="object" struct-name="GrtObject" key="owner">{AB43CB73-AD25-42E8-9A60-EEC88FA21B33}</link>
          </value>
          <value type="string" key="comment"></value>
          <value type="string" key="name">default</value>
          <value type="string" key="oldName"></value>
          <link type="object" struct-name="GrtObject" key="owner">{D9BDA62C-B81B-4089-A874-134C4AE33F74}</link>
        </value>
        <value type="string" key="connectionNotation">crowsfoot</value>
        <value _ptr_="00000297FE58E340" type="list" content-type="object" content-struct-name="db.mgmt.Connection" key="connections"/>
        <value _ptr_="00000297FE58E260" type="list" content-type="object" content-struct-name="workbench.physical.Diagram" key="diagrams">
          <value type="object" struct-name="workbench.physical.Diagram" id="{FF8F5E54-80CE-414C-BC2A-DB0715BAA159}" struct-checksum="0x232c2434">
            <value type="int" key="closed">0</value>
            <value _ptr_="00000297FB53F900" type="list" content-type="object" content-struct-name="model.Connection" key="connections">
              <value type="object" struct-name="workbench.physical.Connection" id="{6EAC9791-66C7-4A8F-B222-D4C8DA044993}" struct-checksum="0x9baebc92">
                <value type="string" key="caption">sales_ibfk_1</value>
                <value type="real" key="captionXOffs">0</value>
                <value type="real" key="captionYOffs">0</value>
                <value type="string" key="comment"></value>
                <value type="real" key="endCaptionXOffs">0</value>
                <value type="real" key="endCaptionYOffs">0</value>
                <value type="string" key="extraCaption"></value>
                <value type="real" key="extraCaptionXOffs">0</value>
                <value type="real" key="extraCaptionYOffs">0</value>
                <link type="object" struct-name="db.ForeignKey" key="foreignKey">{7C507C99-CE84-481B-9412-C55C3B6A7BA2}</link>
                <value type="real" key="middleSegmentOffset">0</value>
                <value type="real" key="startCaptionXOffs">0</value>
                <value type="real" key="startCaptionYOffs">0</value>
                <value type="int" key="drawSplit">0</value>
                <link type="object" struct-name="model.Figure" key="endFigure">{674944D7-B467-4E86-A329-5B1653B15226}</link>
                <link type="object" struct-name="model.Figure" key="startFigure">{6B371C6E-FA35-4421-9174-BEB95689CF5B}</link>
                <link type="object" struct-name="model.Diagram" key="owner">{FF8F5E54-80CE-414C-BC2A-DB0715BAA159}</link>
                <value type="int" key="visible">1</value>
                <value type="string" key="name"></value>
              </value>
              <value type="object" struct-name="workbench.physical.Connection" id="{6A1DF616-C5E8-4E30-9F86-5DD21A76A0BE}" struct-checksum="0x9baebc92">
                <value type="string" key="caption">sales_ibfk_2</value>
                <value type="real" key="captionXOffs">0</value>
                <value type="real" key="captionYOffs">0</value>
                <value type="string" key="comment"></value>
                <value type="real" key="endCaptionXOffs">0</value>
                <value type="real" key="endCaptionYOffs">0</value>
                <value type="string" key="extraCaption"></value>
                <value type="real" key="extraCaptionXOffs">0</value>
                <value type="real" key="extraCaptionYOffs">0</value>
                <link type="object" struct-name="db.ForeignKey" key="foreignKey">{A3B63586-229F-49D7-B082-7E0082587A21}</link>
                <value type="real" key="middleSegmentOffset">0</value>
                <value type="real" key="startCaptionXOffs">0</value>
                <value type="real" key="startCaptionYOffs">0</value>
                <value type="int" key="drawSplit">0</value>
                <link type="object" struct-name="model.Figure" key="endFigure">{FE2E37CB-B36E-4DE5-B218-2175CD6AD77B}</link>
                <link type="object" struct-name="model.Figure" key="startFigure">{6B371C6E-FA35-4421-9174-BEB95689CF5B}</link>
                <link type="object" struct-name="model.Diagram" key="owner">{FF8F5E54-80CE-414C-BC2A-DB0715BAA159}</link>
                <value type="int" key="visible">1</value>
                <value type="string" key="name"></value>
              </value>
            </value>
            <value type="string" key="description"></value>
            <value _ptr_="00000297FB53E320" type="list" content-type="object" content-struct-name="model.Figure" key="figures">
              <value type="object" struct-name="workbench.physical.TableFigure" id="{674944D7-B467-4E86-A329-5B1653B15226}" struct-checksum="0x3b14eccb">
                <value type="int" key="columnsExpanded">1</value>
                <value type="int" key="foreignKeysExpanded">0</value>
                <value type="int" key="indicesExpanded">0</value>
                <value type="int" key="summarizeDisplay">-1</value>
                <link type="object" struct-name="db.Table" key="table">{87B04901-FEA7-486E-AA19-C06A20037AEF}</link>
                <value type="int" key="triggersExpanded">0</value>
                <value type="string" key="color">#98BFDA</value>
                <value type="int" key="expanded">1</value>
                <value type="real" key="height">151</value>
                <link type="object" struct-name="model.Layer" key="layer">{5966D104-B23A-4FFF-8CA0-2CC459B64E5A}</link>
                <value type="real" key="left">490</value>
                <value type="int" key="locked">0</value>
                <value type="int" key="manualSizing">1</value>
                <value type="real" key="top">673</value>
                <value type="real" key="width">123</value>
                <link type="object" struct-name="model.Diagram" key="owner">{FF8F5E54-80CE-414C-BC2A-DB0715BAA159}</link>
                <value type="int" key="visible">1</value>
                <value type="string" key="name">customers</value>
              </value>
              <value type="object" struct-name="workbench.physical.TableFigure" id="{FE2E37CB-B36E-4DE5-B218-2175CD6AD77B}" struct-checksum="0x3b14eccb">
                <value type="int" key="columnsExpanded">1</value>
                <value type="int" key="foreignKeysExpanded">0</value>
                <value type="int" key="indicesExpanded">0</value>
                <value type="int" key="summarizeDisplay">-1</value>
                <link type="object" struct-name="db.Table" key="table">{2D3C16A8-AF0B-4540-A36C-B62250B51FC1}</link>
                <value type="int" key="triggersExpanded">0</value>
                <value type="string" key="color">#98BFDA</value>
                <value type="int" key="expanded">1</value>
                <value type="real" key="height">122</value>
                <link type="object" struct-name="model.Layer" key="layer">{5966D104-B23A-4FFF-8CA0-2CC459B64E5A}</link>
                <value type="real" key="left">278</value>
                <value type="int" key="locked">0</value>
                <value type="int" key="manualSizing">0</value>
                <value type="real" key="top">862</value>
                <value type="real" key="width">163</value>
                <link type="object" struct-name="model.Diagram" key="owner">{FF8F5E54-80CE-414C-BC2A-DB0715BAA159}</link>
                <value type="int" key="visible">1</value>
                <value type="string" key="name">products</value>
              </value>
              <value type="object" struct-name="workbench.physical.TableFigure" id="{6B371C6E-FA35-4421-9174-BEB95689CF5B}" struct-checksum="0x3b14eccb">
                <value type="int" key="columnsExpanded">1</value>
                <value type="int" key="foreignKeysExpanded">0</value>
                <value type="int" key="indicesExpanded">0</value>
                <value type="int" key="summarizeDisplay">-1</value>
                <link type="object" struct-name="db.Table" key="table">{CCAC9B8C-0564-435F-809F-1ADB73C7D82D}</link>
                <value type="int" key="triggersExpanded">0</value>
                <value type="string" key="color">#98BFDA</value>
                <value type="int" key="expanded">1</value>
                <value type="real" key="height">168</value>
                <link type="object" struct-name="model.Layer" key="layer">{5966D104-B23A-4FFF-8CA0-2CC459B64E5A}</link>
                <value type="real" key="left">84</value>
                <value type="int" key="locked">0</value>
                <value type="int" key="manualSizing">0</value>
                <value type="real" key="top">664</value>
                <value type="real" key="width">123</value>
                <link type="object" struct-name="model.Diagram" key="owner">{FF8F5E54-80CE-414C-BC2A-DB0715BAA159}</link>
                <value type="int" key="visible">1</value>
                <value type="string" key="name">sales</value>
              </value>
            </value>
            <value type="real" key="height">1380.95</value>
            <value _ptr_="00000297FB53F970" type="list" content-type="object" content-struct-name="model.Layer" key="layers"/>
            <value type="string" key="name">EER Diagram</value>
            <value _ptr_="00000297842E5E30" type="dict" key="options"/>
            <link type="object" struct-name="model.Model" key="owner">{D9BDA62C-B81B-4089-A874-134C4AE33F74}</link>
            <value type="object" struct-name="workbench.physical.Layer" id="{5966D104-B23A-4FFF-8CA0-2CC459B64E5A}" struct-checksum="0x1d14ca4b" key="rootLayer">
              <value type="string" key="color"></value>
              <value type="string" key="description"></value>
              <value _ptr_="00000297FB52E870" type="list" content-type="object" content-struct-name="model.Figure" key="figures">
                <link type="object">{674944D7-B467-4E86-A329-5B1653B15226}</link>
                <link type="object">{FE2E37CB-B36E-4DE5-B218-2175CD6AD77B}</link>
                <link type="object">{6B371C6E-FA35-4421-9174-BEB95689CF5B}</link>
              </value>
              <value _ptr_="00000297FB52EB10" type="list" content-type="object" content-struct-name="model.Group" key="groups"/>
              <value type="real" key="height">1380.95</value>
              <value type="real" key="left">0</value>
              <value _ptr_="00000297FB52E9C0" type="list" content-type="object" content-struct-name="model.Layer" key="subLayers"/>
              <value type="real" key="top">0</value>
              <value type="real" key="width">986</value>
              <link type="object" struct-name="model.Diagram" key="owner">{FF8F5E54-80CE-414C-BC2A-DB0715BAA159}</link>
              <value type="int" key="visible">1</value>
              <value type="string" key="name"></value>
            </value>
            <value _ptr_="00000297FB52F670" type="list" content-type="object" content-struct-name="model.Object" key="selection">
              <link type="object">{FE2E37CB-B36E-4DE5-B218-2175CD6AD77B}</link>
            </value>
            <value type="int" key="updateBlocked">0</value>
            <value type="real" key="width">986</value>
            <value type="real" key="x">0</value>
            <value type="real" key="y">0</value>
            <value type="real" key="zoom">1</value>
          </value>
        </value>
        <value type="string" key="figureNotation">workbench/default</value>
        <value _ptr_="00000297FE58E880" type="list" content-type="object" content-struct-name="GrtStoredNote" key="notes"/>
        <link type="object" struct-name="db.mgmt.Rdbms" key="rdbms">com.mysql.rdbms.mysql</link>
        <value _ptr_="00000297FE58E110" type="list" content-type="object" content-struct-name="db.Script" key="scripts"/>
        <value _ptr_="0000029784114CF0" type="dict" key="syncProfiles"/>
        <value _ptr_="00000297FE58EC00" type="list" content-type="object" content-struct-name="GrtObject" key="tagCategories">
          <value type="object" struct-name="GrtObject" id="{3089D099-42EC-4D39-BE31-C59B45AFAE7E}" struct-checksum="0xd06d8c0f">
            <value type="string" key="name">Business Rule</value>
            <link type="object" struct-name="GrtObject" key="owner">{D9BDA62C-B81B-4089-A874-134C4AE33F74}</link>
          </value>
        </value>
        <value _ptr_="00000297FE58ECE0" type="list" content-type="object" content-struct-name="meta.Tag" key="tags"/>
        <link type="object" struct-name="model.Diagram" key="currentDiagram">{FF8F5E54-80CE-414C-BC2A-DB0715BAA159}</link>
        <value _ptr_="0000029784113B50" type="dict" key="customData"/>
        <value _ptr_="00000297FE58F450" type="list" content-type="object" content-struct-name="model.Marker" key="markers"/>
        <value _ptr_="00000297841146F0" type="dict" key="options"/>
        <value type="string" key="name"></value>
        <link type="object" struct-name="GrtObject" key="owner">{B3E2A2E6-9C46-4C0B-93FF-7DA5373AC261}</link>
      </value>
    </value>
    <value _ptr_="0000029784114ED0" type="dict" key="customData"/>
    <value type="object" struct-name="app.DocumentInfo" id="{EED76BA5-2A26-46BD-9FDC-32F7DCB468B2}" struct-checksum="0xbba780b8" key="info">
      <value type="string" key="author">user</value>
      <value type="string" key="caption">New Model</value>
      <value type="string" key="dateChanged">2026-02-07 18:25</value>
      <value type="string" key="dateCreated">2026-02-07 18:21</value>
      <value type="string" key="description"></value>
      <value type="string" key="project">Name of the project</value>
      <value type="string" key="version">1.0</value>
      <value type="string" key="name">Properties</value>
      <link type="object" struct-name="GrtObject" key="owner">{B3E2A2E6-9C46-4C0B-93FF-7DA5373AC261}</link>
    </value>
    <value type="object" struct-name="app.PageSettings" id="{A99DE542-A529-40C1-AC00-A6258170F414}" struct-checksum="0x7dc77977" key="pageSettings">
      <value type="real" key="marginBottom">14.46</value>
      <value type="real" key="marginLeft">6.35</value>
      <value type="real" key="marginRight">6.35</value>
      <value type="real" key="marginTop">6.35</value>
      <value type="string" key="orientation">portrait</value>
      <link type="object" struct-name="app.PaperType" key="paperType">com.mysql.wb.papertype.a4</link>
      <value type="real" key="scale">5</value>
      <value type="string" key="name"></value>
      <link type="object" struct-name="GrtObject" key="owner">{B3E2A2E6-9C46-4C0B-93FF-7DA5373AC261}</link>
    </value>
    <value type="string" key="name"></value>
  </value>
</data>
